1,Williams College,Williams College (Williamstown)
2,Stanford University,Stanford University (Stanford)
3,Swarthmore College,Swarthmore College (Swarthmore)
4,Princeton University,Princeton University (Princeton)
5,Massachusetts Institute of Technology,Massachusetts Institute of Technology (Cambridge)
6,Yale University,Yale University
7,Harvard University,Harvard University (Cambridge)
9,United States Military Academy,United States Military Academy (West Point)
10,Amherst College,Amherst College (Amherst)
11,Haverford College,Haverford College (Haverford)
12,University of Pennsylvania,University of Pennsylvania (Philadelphia)
13,Brown University,Brown University (Providence)
14,Bowdoin College,Bowdoin College (Brunswick)
15,Wesleyan University,Wesleyan University (Middletown)
16,Carleton College,Carleton College (Northfield)
17,University of Notre Dame,University of Notre Dame (Notre Dame)
18,Dartmouth College,Dartmouth College
19,Northwestern University,Northwestern University (Evanston)
20,Columbia University,Columbia University
21,California Institute of Technology,California Institute of Technology (Pasadena)
22,Davidson College,Davidson College (Davidson)
23,Duke University,Duke University (Durham)
24,University of Chicago,University of Chicago (Chicago)
25,Tufts University,Tufts University
26,Vassar College,Vassar College (Poughkeepsie)
27,United States Naval Academy,United States Naval Academy (Annapolis)
29,Wellesley College,Wellesley College (Wellesley)
30,Middlebury College,Middlebury College (Middlebury)
31,Cornell University,Cornell University (Ithaca)
32,Rice University,Rice University (Houston)
33,Washington and Lee University,Washington and Lee University (Lexington city)
34,United States Air Force Academy,United States Air Force Academy (Colorado Springs)
35,Barnard College,Barnard College (New York City)
36,Boston College,Boston College (Chestnut Hill)
37,"University of California, Berkeley","University of California, Berkeley (Berkeley)"
38,Colgate University,Colgate University (Hamilton)
39,Colby College,Colby College (Waterville)
40,University of Virginia,University of Virginia (Charlottesville)
41,College of William and Mary,College of William & Mary
42,Kenyon College,Kenyon College (Gambier)
43,Oberlin College,Oberlin College (Oberlin)
44,"University of California, Los Angeles","University of California, Los Angeles (Los Angeles)"
45,"University of Michigan, Ann Arbor",University of Michigan (Ann Arbor)
46,Reed College,Reed College (Portland)
47,Whitman College,Whitman College (Walla Walla)
48,Lafayette College,Lafayette College (Easton)
49,Smith College,Smith College (Northampton)
50,"University of North Carolina, Chapel Hill",University of North Carolina at Chapel Hill (Chapel Hill)
51,Colorado College,Colorado College (Colorado Springs)
52,Harvey Mudd College,Harvey Mudd College (Claremont)
53,College of the Holy Cross,College of the Holy Cross (Worcester)
54,Vanderbilt University,Vanderbilt University (Nashville)
55,Hamilton College,Hamilton College (Clinton)
56,Franklin and Marshall College,Franklin & Marshall College (Lancaster)
57,Union College,Union College (Schenectady)
58,Grinnell College,Grinnell College (Grinnell)
59,Carnegie Mellon University,Carnegie Mellon University (Pittsburgh)
60,Bates College,Bates College (Lewiston)
61,Wake Forest University,Wake Forest University (Winston-Salem)
62,University of Rochester,University of Rochester (Rochester)
63,Washington University in Saint Louis,Washington University in St. Louis (St. Louis)
64,Cooper Union,Cooper Union (New York City)
65,Bryn Mawr College,Bryn Mawr College (Bryn Mawr)
66,Macalester College,Macalester College (Saint Paul)
67,Johns Hopkins University,Johns Hopkins University (Baltimore)
68,"University of Illinois, Urbana-Champaign",University of Illinois at Urbana–Champaign
69,Scripps College,Scripps College (Claremont)
70,"University of Wisconsin, Madison",University of Wisconsin-Madison (Madison)
71,Villanova University,Villanova University (Villanova)
72,New York University,New York University (New York City)
73,University of Washington,University of Washington
74,Brandeis University,Brandeis University (Waltham)
75,Wheaton College (Wheaton),Wheaton College (Wheaton)
76,"University of Texas, Austin",University of Texas at Austin (Austin)
77,Lehigh University,Lehigh University (Bethlehem)
78,University of Southern California,University of Southern California (Los Angeles)
79,Brigham Young University,Brigham Young University (Provo)
80,Occidental College,Occidental College (Los Angeles)
81,Centre College,Centre College (Danville)
82,"University of Maryland, College Park","University of Maryland, College Park (College Park)"
83,Trinity College,Trinity College (Hartford)
84,Connecticut College,Connecticut College (New London)
85,Wofford College,Wofford College (Spartanburg)
86,Santa Clara University,Santa Clara University (Santa Clara)
87,University of Florida,University of Florida (Gainesville)
88,Dickinson College,Dickinson College (Carlisle)
89,Boston University,Boston University (Boston)
90,Georgia Institute of Technology,Georgia Institute of Technology (Atlanta)
91,DePauw University,DePauw University (Greencastle)
92,Earlham College,Earlham College (Richmond)
93,Rhodes College,Rhodes College (Memphis)
94,University of Georgia,University of Georgia (Athens)
95,Denison University,Denison University (Granville)
96,University of Richmond,University of Richmond (Richmond)
97,Mount Holyoke College,Mount Holyoke College (South Hadley)
98,Sewanee—University of the South,Sewanee: The University of the South (Sewanee)
99,Sarah Lawrence College,Sarah Lawrence College (Bronxville)
100,Furman University,Furman University (Greenville)
101,Southern Methodist University,Southern Methodist University (Dallas)
102,Skidmore College,Skidmore College (Saratoga Springs)
103,Gettysburg College,Gettysburg College (Gettysburg)
104,Pitzer College,Pitzer College (Claremont)
105,Providence College,Providence College (Providence)
106,Lawrence University,Lawrence University (Appleton)
107,"Indiana University, Bloomington",Indiana University Bloomington (Bloomington)
108,"University of Minnesota, Twin Cities",University of Minnesota
109,Saint Olaf College,St. Olaf College (Northfield)
110,Hampshire College,Hampshire College (Amherst)
111,Kalamazoo College,Kalamazoo College (Kalamazoo)
113,"University of California, Davis","University of California, Davis (Davis)"
114,United States Coast Guard Academy,United States Coast Guard Academy (New London)
115,Lewis & Clark College,Lewis & Clark College (Portland)
116,"University of California, Santa Barbara","University of California, Santa Barbara (Santa Barbara)"
117,Virginia Tech,Virginia Tech
118,"University of Colorado, Boulder",University of Colorado Boulder (Boulder)
119,"Purdue University, West Lafayette",Purdue University (West Lafayette)
120,Yeshiva University,Yeshiva University (New York City)
121,Muhlenberg College,Muhlenberg College (Allentown)
122,George Washington University,"George Washington University (Washington, D.C.)"
123,University of Redlands,University of Redlands (Redlands)
125,Bennington College,Bennington College (Bennington)
126,"University of California, San Diego","University of California, San Diego (San Diego)"
127,Case Western Reserve University,Case Western Reserve University (Cleveland)
128,University of Miami,University of Miami (Coral Gables)
129,Virginia Military Institute,Virginia Military Institute (Lexington city)
130,Willamette University,Willamette University (Salem)
131,Rensselaer Polytechnic Institute,Rensselaer Polytechnic Institute (Troy)
132,Trinity University,Trinity University (San Antonio)
133,Juniata College,Juniata College (Huntingdon)
134,American University,"American University (Washington, D.C.)"
135,University of Delaware,University of Delaware (Newark)
136,College of Wooster,College of Wooster (Wooster)
137,"Texas A&M University, College Station",Texas A&M University (College Station)
138,Saint Lawrence University,St. Lawrence University (Canton)
139,University of Denver,University of Denver (Denver)
140,University of Vermont,University of Vermont (Burlington)
141,University of Utah,University of Utah (Salt Lake City)
142,Presbyterian College,Presbyterian College (Clinton)
143,Drake University,Drake University (Des Moines)
144,"University of California, Irvine","University of California, Irvine (Irvine)"
145,Ohio Wesleyan University,Ohio Wesleyan University (Delaware)
146,Clark University,Clark University (Worcester)
147,Tulane University,Tulane University (New Orleans)
148,Grove City College,Grove City College (Grove City)
149,Knox College,Knox College (Galesburg)
150,Fordham University,Fordham University (New York City)
151,Saint Michael's College,Saint Michael's College (Colchester)
152,Hendrix College,Hendrix College (Conway)
153,Colorado School of Mines,Colorado School of Mines (Golden)
154,Bard College,Bard College (Red Hook)
155,"Ohio State University, Columbus",Ohio State University (Columbus)
156,Creighton University,Creighton University (Omaha)
157,"California Polytechnic State University, San Luis Obispo",California Polytechnic State University (San Luis Obispo)
158,Syracuse University,Syracuse University (Syracuse)
159,Thomas Aquinas College,Thomas Aquinas College (Santa Paula)
160,Hobart and William Smith Colleges,Hobart and William Smith Colleges (Geneva)
161,Westmont College,Westmont College (Santa Barbara)
162,Saint John's College (MD),St. John's College (Annapolis)
163,Clemson University,Clemson University (Clemson)
164,University of Connecticut,University of Connecticut (Mansfield)
165,Beloit College,Beloit College
166,"Pennsylvania State University, University Park",Pennsylvania State University (University Park)
167,"North Carolina State University, Raleigh",North Carolina State University (Raleigh)
168,College of New Jersey,The College of New Jersey (Ewing Township)
169,Michigan State University,Michigan State University (East Lansing)
170,Loyola University Maryland,Loyola University Maryland (Baltimore)
171,Hampden-Sydney College,Hampden–Sydney College
172,Hope College,Hope College (Holland)
173,Worcester Polytechnic Institute,Worcester Polytechnic Institute (Worcester)
174,"SUNY, Binghamton (Binghamton University)",Binghamton University (Binghamton)
175,Wheaton College (Norton),Wheaton College (Norton)
176,"Miami University, Oxford",Miami University (Oxford)
177,"Rutgers University, New Brunswick",Rutgers University (New Brunswick)
178,Hillsdale College,Hillsdale College (Hillsdale)
179,Wabash College,Wabash College (Crawfordsville)
180,New College of Florida,New College of Florida (Sarasota)
181,University of Puget Sound,University of Puget Sound (Tacoma)
182,Elon University,Elon University (Elon)
183,Loyola Marymount University,Loyola Marymount University (Los Angeles)
184,Transylvania University,Transylvania University (Lexington)
185,University of New Hampshire,University of New Hampshire
186,"University of South Carolina, Columbia",University of South Carolina (Columbia)
187,University of Portland,University of Portland (Portland)
188,James Madison University,James Madison University (Harrisonburg)
189,Saint Anselm College,Saint Anselm College (Manchester)
190,Louisiana State University,Louisiana State University (Baton Rouge)
191,Saint Louis University,Saint Louis University (St. Louis)
192,University of Iowa,University of Iowa (Iowa City)
193,Ursinus College,Ursinus College (Collegeville)
194,College of the Ozarks,College of the Ozarks (Point Lookout)
195,Baylor University,Baylor University (Waco)
196,Bentley University,Bentley University (Waltham)
197,Southwestern University,Southwestern University (Georgetown)
198,University of Pittsburgh,University of Pittsburgh (Pittsburgh)
199,Manhattan College,Manhattan College (New York City)
200,University of Wyoming,University of Wyoming (Laramie)
201,Gustavus Adolphus College,Gustavus Adolphus College (St. Peter)
202,"University of Oklahoma, Norman",University of Oklahoma (Norman)
203,Samford University,Samford University (Birmingham)
204,Auburn University,Auburn University (Auburn)
205,Carroll College,Carroll College (Helena)
206,The Catholic University of America,"The Catholic University of America (Washington, D.C.)"
207,Saint Mary's College of Maryland,St. Mary's College of Maryland (St. Mary's City)
208,Marquette University,Marquette University (Milwaukee)
209,Northeastern University,Northeastern University (Boston)
210,Wittenberg University,Wittenberg University (Springfield)
211,United States Merchant Marine Academy,United States Merchant Marine Academy (Kings Point)
212,University of Dallas,University of Dallas (Irving)
213,University of Tulsa,University of Tulsa (Tulsa)
214,University of San Francisco,University of San Francisco (San Francisco)
215,"CUNY, City College",City College of New York (New York City)
216,Texas Christian University,Texas Christian University (Fort Worth)
218,"University of California, Santa Cruz","University of California, Santa Cruz (Santa Cruz)"
219,Saint Mary's College of California,Saint Mary's College of California (Moraga)
220,Calvin College,Calvin College (Grand Rapids)
221,Stonehill College,Stonehill College (Easton)
222,"University of Massachusetts, Amherst",University of Massachusetts Amherst
223,University of San Diego,University of San Diego (San Diego)
224,Rollins College,Rollins College (Winter Park)
225,Allegheny College,Allegheny College (Meadville)
226,Florida State University,Florida State University (Tallahassee)
227,Saint Joseph's University,Saint Joseph's University (Philadelphia)
228,Emerson College,Emerson College (Boston)
229,University of Saint Thomas,University of St. Thomas (Saint Paul)
230,"University of Missouri, Columbia",University of Missouri (Columbia)
231,Whitworth University,Whitworth University (Spokane)
232,George Mason University,George Mason University (Fairfax)
233,Clarkson University,Clarkson University (Potsdam)
234,Fairfield University,Fairfield University (Fairfield)
235,University of Oregon,University of Oregon (Eugene)
236,Lake Forest College,Lake Forest College (Lake Forest)
237,Luther College,Luther College (Decorah)
238,Gonzaga University,Gonzaga University (Spokane)
239,Butler University,Butler University (Indianapolis)
240,Linfield College,Linfield College (McMinnville)
241,"SUNY, College of Environmental Science and Forestry",State University of New York College of Environmental Science and Forestry (Syracuse)
242,University of Dayton,University of Dayton (Dayton)
243,Saint Mary's College,Saint Mary's College (Notre Dame)
244,"CUNY, Baruch College",Baruch College (New York City)
245,Sweet Briar College,Sweet Briar College (Sweet Briar)
246,Truman State University,Truman State University (Kirksville)
247,Illinois Institute of Technology,Illinois Institute of Technology (Chicago)
248,Augustana College (Rock Island),Augustana College (Rock Island)
249,"SUNY, Stony Brook (Stony Brook University)",Stony Brook University (Stony Brook)
250,University of Arizona,University of Arizona (Tucson)
251,John Carroll University,John Carroll University (University Heights)
252,The Citadel,"The Citadel, The Military College of South Carolina (Charleston)"
253,Illinois Wesleyan University,Illinois Wesleyan University (Bloomington)
254,Agnes Scott College,Agnes Scott College (Decatur)
255,University of Mary Washington,University of Mary Washington (Fredericksburg)
256,Fisk University,Fisk University (Nashville)
257,Taylor University,Taylor University
258,Hanover College,Hanover College (Hanover)
259,Rockhurst University,Rockhurst University (Kansas City)
260,College of Idaho,College of Idaho (Caldwell)
261,Iowa State University,Iowa State University (Ames)
262,San Diego State University,San Diego State University (San Diego)
263,"University of California, Riverside","University of California, Riverside (Riverside)"
264,Pacific Lutheran University,Pacific Lutheran University (Tacoma)
265,University of Scranton,University of Scranton (Scranton)
266,Seattle University,Seattle University (Seattle)
267,Saint Norbert College,St. Norbert College (De Pere)
268,Bryant University,Bryant University (Smithfield)
269,"SUNY, Geneseo",State University of New York at Geneseo (Geneseo)
270,Valparaiso University,Valparaiso University (Valparaiso)
271,Austin College,Austin College (Sherman)
272,Ithaca College,Ithaca College (Ithaca)
273,"California State Polytechnic University, Pomona","California State Polytechnic University, Pomona (Pomona)"
274,Ohio Northern University,Ohio Northern University (Ada)
275,Elizabethtown College,Elizabethtown College (Elizabethtown)
277,Whittier College,Whittier College (Whittier)
278,Bradley University,Bradley University (Peoria)
279,College of Saint Benedict,College of Saint Benedict (St. Joseph)
280,"University of Nebraska, Lincoln",University of Nebraska–Lincoln (Lincoln)
281,California Lutheran University,California Lutheran University (Thousand Oaks)
282,Covenant College,Covenant College (Lookout Mountain)
283,Washington College,Washington College (Chestertown)
284,"CUNY, Hunter College",Hunter College (New York City)
285,Goucher College,Goucher College (Baltimore)
286,"SUNY, Buffalo (University at Buffalo)",University at Buffalo (Buffalo)
287,Cedarville University,Cedarville University (Cedarville)
289,"CUNY, Queens College","Queens College, City University of New York (New York City)"
290,Westminster College (New Wilmington),Westminster College (New Wilmington)
291,Mills College,Mills College (Oakland)
292,"University of Tennessee, Knoxville",University of Tennessee (Knoxville)
293,University of Arkansas,University of Arkansas (Fayetteville)
294,Doane College,Doane College (Crete)
295,Asbury University,Asbury University (Wilmore)
296,Touro College,Touro College of Osteopathic Medicine (New York City)
297,University of Kansas,University of Kansas (Lawrence)
298,Cornell College,Cornell College (Mount Vernon)
299,Simmons College,Simmons College (Boston)
300,"Montana State University, Bozeman",Montana State University (Bozeman)
301,Utah State University,Utah State University (Logan)
302,The Master's College,The Master's College (Santa Clarita)
303,Stevens Institute of Technology,Stevens Institute of Technology (Hoboken)
304,Duquesne University,Duquesne University (Pittsburgh)
305,Quinnipiac University,Quinnipiac University (Hamden)
306,Lebanon Valley College,Lebanon Valley College
308,Ripon College,Ripon College (Ripon)
309,Western Washington University,Western Washington University (Bellingham)
310,Colorado State University,Colorado State University (Fort Collins)
311,Albion College,Albion College (Albion)
312,Loyola University Chicago,Loyola University Chicago (Chicago)
313,Goshen College,Goshen College (Goshen)
314,Spelman College,Spelman College (Atlanta)
315,Houghton College,Houghton College (Caneadea)
316,Union University,Union University (Jackson)
317,Ouachita Baptist University,Ouachita Baptist University
319,Susquehanna University,Susquehanna University (Selinsgrove)
320,DePaul University,DePaul University (Chicago)
321,Chapman University,Chapman University (Orange)
322,Xavier University,Xavier University (Cincinnati)
323,Oregon State University,Oregon State University (Corvallis)
324,Marist College,Marist College (Poughkeepsie)
325,"Wesleyan College, Macon",Wesleyan College (Macon)
326,Seattle Pacific University,Seattle Pacific University (Seattle)
327,Drexel University,Drexel University (Philadelphia)
328,"University of Northwestern, St. Paul",University of Northwestern – St. Paul (Saint Paul)
329,Drew University,Drew University (Madison)
330,Siena College,Siena College (Colonie)
331,Seton Hall University,Seton Hall University (South Orange)
332,Northwestern College,Northwestern College (Orange City)
333,Millsaps College,Millsaps College (Jackson)
334,Erskine College,"Erskine College (Due West, South Carolina)"
335,University of Alabama,University of Alabama (Tuscaloosa)
336,University of Kentucky,University of Kentucky (Lexington)
337,Marlboro College,Marlboro College
338,"California State University, Fullerton","California State University, Fullerton (Fullerton)"
339,Coe College,Coe College (Cedar Rapids)
341,Biola University,Biola University (La Mirada)
342,Gordon College,Gordon College (Wenham)
343,Bethel University,Bethel University (Saint Paul)
344,La Salle University,La Salle University (Philadelphia)
345,San Jose State University,San Jose State University (San Jose)
346,"CUNY, Brooklyn College",Brooklyn College (Brooklyn)
348,Messiah College,Messiah College (Mechanicsburg)
349,Michigan Technological University,Michigan Technological University (Houghton)
350,University of the Pacific,University of the Pacific (Stockton)
351,"Brigham Young University, Idaho",Brigham Young University–Idaho (Rexburg)
352,Eckerd College,Eckerd College (St. Petersburg)
353,Washington & Jefferson College,Washington & Jefferson College (Washington)
354,"California State University, Long Beach","California State University, Long Beach (Long Beach)"
355,Wagner College,Wagner College (New York City)
356,Berea College,Berea College (Berea)
357,Merrimack College,Merrimack College (North Andover)
358,"University of Maryland, Baltimore County","University of Maryland, Baltimore County (Baltimore)"
359,University of Mississippi,University of Mississippi (Oxford)
360,Concordia College—Moorhead,Concordia College (Moorhead)
361,"University of Illinois, Chicago",University of Illinois at Chicago
362,Arizona State University,Arizona State University (Tempe)
363,Hamline University,Hamline University (Saint Paul)
364,Franciscan University of Steubenville,Franciscan University of Steubenville (Steubenville)
365,Mississippi State University,Mississippi State University (Starkville)
367,Kansas State University,Kansas State University (Manhattan)
368,George Fox University,George Fox University (Newberg)
369,Oklahoma State University,Oklahoma State University–Stillwater (Stillwater)
370,Washington State University,Washington State University (Pullman)
371,Rochester Institute of Technology,Rochester Institute of Technology (Rochester)
372,Central College,Central College (Pella)
373,"SUNY, Albany (University at Albany)","University at Albany, SUNY (Albany)"
374,Randolph College,Randolph College (Lynchburg)
375,William Jewell College,William Jewell College (Liberty)
376,Saint Vincent College,Saint Vincent College (Latrobe)
377,Salisbury University,Salisbury University (Salisbury)
378,Louisiana Tech University,Louisiana Tech University (Ruston)
379,New Mexico Institute of Mining and Technology,New Mexico Institute of Mining and Technology (Socorro)
380,Appalachian State University,Appalachian State University (Boone)
381,Christopher Newport University,Christopher Newport University (Newport News)
382,Hollins University,Hollins University
383,Birmingham-Southern College,Birmingham–Southern College (Birmingham)
384,Towson University,Towson University (Towson)
385,Morehouse College,Morehouse College (Atlanta)
386,Georgetown College,Georgetown College (Georgetown)
387,John Brown University,John Brown University (Siloam Springs)
388,Missouri University of Science and Technology,Missouri University of Science and Technology (Rolla)
389,University of Houston,University of Houston (Houston)
390,"Saint Mary's University, San Antonio","St. Mary's University, Texas (San Antonio)"
391,University of Cincinnati,University of Cincinnati (Cincinnati)
392,Bellarmine University,Bellarmine University (Louisville)
393,"SUNY, College at New Paltz",State University of New York at New Paltz (New Paltz)
394,"CUNY, Lehman College",Lehman College (The Bronx)
395,"California State University, Los Angeles","California State University, Los Angeles (Los Angeles)"
396,"University of Minnesota, Morris",University of Minnesota Morris (Morris)
397,Temple University,Temple University (Philadelphia)
398,Stetson University,Stetson University (DeLand)
399,Howard University,"Howard University (Washington, D.C.)"
400,Saint Joseph's College,Saint Joseph's College (Rensselaer)
401,Berry College,"Berry College (Mount Berry, Georgia)"
402,Texas Tech University,Texas Tech University (Lubbock)
403,Wisconsin Lutheran College,Wisconsin Lutheran College (Milwaukee)
404,Simpson College,Simpson College (Indianola)
405,University of Central Florida,University of Central Florida (Orlando)
406,Huntington University,Huntington University (Huntington)
407,Weber State University,Weber State University (Ogden)
408,Dordt College,Dordt College (Sioux Center)
409,"California State University, San Bernardino","California State University, San Bernardino (San Bernardino)"
410,Le Moyne College,Le Moyne College (Syracuse)
411,North Dakota State University,North Dakota State University (Fargo)
412,Baldwin Wallace University,Baldwin Wallace University (Berea)
413,Warren Wilson College,Warren Wilson College (Swannanoa)
414,Marietta College,Marietta College (Marietta)
415,Augustana College (Sioux Falls),Augustana College (Sioux Falls)
416,New Jersey Institute of Technology,New Jersey Institute of Technology (Newark)
417,University of La Verne,University of La Verne (La Verne)
418,Adelphi University,Adelphi University (Garden City)
419,"California State University, Chico","California State University, Chico (Chico)"
420,Saint Mary's University of Minnesota,Saint Mary's University of Minnesota (Winona)
421,College of Charleston,College of Charleston (Charleston)
422,Florida Institute of Technology,Florida Institute of Technology (Melbourne)
424,University of Rhode Island,University of Rhode Island (Kingston)
425,Roanoke College,Roanoke College (Salem)
426,"University of North Carolina, Wilmington",University of North Carolina at Wilmington (Wilmington)
427,"CUNY, College of Staten Island",College of Staten Island (Staten Island)
428,"California State University, Fresno","California State University, Fresno (Fresno)"
429,Randolph-Macon College,Randolph–Macon College (Ashland)
430,"California State University, Sacramento","California State University, Sacramento (Sacramento)"
431,College of St. Scholastica,The College of St. Scholastica (Duluth)
432,Clarke University,Clarke University (Dubuque)
433,University of New England,University of New England
435,University of South Florida,University of South Florida (Tampa)
437,Spring Hill College,Spring Hill College (Mobile)
438,University of Montana,University of Montana (Missoula)
439,Converse College,Converse College (Spartanburg)
440,Ohio University,Ohio University (Athens)
441,Canisius College,Canisius College (Buffalo)
442,"New Mexico State University, Las Cruces",New Mexico State University (Las Cruces)
443,West Virginia University,West Virginia University (Morgantown)
444,Capital University,Capital University (Columbus)
445,"University of Maine, Orono",University of Maine (Orono)
447,California Maritime Academy,California Maritime Academy (Vallejo)
448,North Greenville University,North Greenville University
449,Sonoma State University,Sonoma State University (Rohnert Park)
451,Hofstra University,Hofstra University (Hempstead)
452,West Chester University of Pennsylvania,West Chester University of Pennsylvania (West Chester)
453,Georgia State University,Georgia State University (Atlanta)
454,Azusa Pacific University,Azusa Pacific University (Azusa)
455,Roger Williams University,Roger Williams University (Bristol)
456,University of Idaho,University of Idaho (Moscow)
457,Salem College,Salem College (Winston-Salem)
458,Carroll University,Carroll University (Waukesha)
459,Elmhurst College,Elmhurst College (Elmhurst)
460,Virginia Commonwealth University,Virginia Commonwealth University (Richmond)
461,Hartwick College,Hartwick College (Oneonta)
462,Jackson State University,Jackson State University (Jackson)
463,Maryville University of Saint Louis,Maryville University (St. Louis)
464,San Francisco State University,San Francisco State University (San Francisco)
465,"University of Massachusetts, Lowell",University of Massachusetts Lowell (Lowell)
466,"University of Alabama, Huntsville",University of Alabama in Huntsville (Huntsville)
467,Immaculata University,Immaculata University (East Whiteland Township)
468,Moravian College,Moravian College (Bethlehem)
469,University of North Dakota,University of North Dakota (Grand Forks)
470,Belmont University,Belmont University (Nashville)
471,King's College,King's College (Wilkes-Barre)
472,Milwaukee School of Engineering,Milwaukee School of Engineering (Milwaukee)
473,Saint Edward's University,St. Edward's University
474,Vanguard University of Southern California,Vanguard University of Southern California (Costa Mesa)
475,Lyon College,Lyon College (Batesville)
476,"California State University, Stanislaus","California State University, Stanislaus (Turlock)"
477,Mercer University,Mercer University (Macon)
478,Illinois State University,Illinois State University (Normal)
479,Lycoming College,Lycoming College (Williamsport)
480,"University of Nevada, Reno","University of Nevada, Reno (Reno)"
481,Saint John Fisher College,St. John Fisher College (Rochester)
482,Hiram College,Hiram College (Hiram)
483,"CUNY, John Jay College Criminal Justice",John Jay College of Criminal Justice (New York City)
484,University of Northern Iowa,University of Northern Iowa (Cedar Falls)
485,Oklahoma Baptist University,Oklahoma Baptist University (Shawnee)
486,University of South Dakota,University of South Dakota (Vermillion)
487,"University of Alaska, Fairbanks",University of Alaska Fairbanks (Fairbanks)
489,"Fairleigh Dickinson University, Metropolitan Campus",Fairleigh Dickinson University (Teaneck)
490,North Central College,North Central College (Naperville)
491,South Dakota State University,South Dakota State University
492,Lynn University,Lynn University (Boca Raton)
493,"University of Colorado, Denver",University of Colorado Denver (Denver)
494,"University of Texas, Dallas",University of Texas at Dallas (Richardson)
495,Oglethorpe University,Oglethorpe University (Atlanta)
496,Western State Colorado University,Western State Colorado University (Gunnison)
497,Pace University,Pace University (New York City)
498,"University of North Carolina, Asheville",University of North Carolina at Asheville (Asheville)
499,Oregon Institute of Technology,Oregon Institute of Technology (Klamath Falls)
500,Hastings College,Hastings College (Hastings)
501,East Carolina University,East Carolina University (Greenville)
502,Mary Baldwin College,Mary Baldwin College (Staunton city)
503,University of North Florida,University of North Florida (Jacksonville)
504,Rowan University,Rowan University (Glassboro)
505,Old Dominion University,Old Dominion University (Norfolk)
506,Otterbein University,Otterbein University (Westerville)
507,"California State University, Northridge","California State University, Northridge (Los Angeles)"
508,"University of Alaska, Anchorage",University of Alaska Anchorage (Anchorage)
509,Richard Stockton College of New Jersey,Stockton University (Galloway Township)
510,Elmira College,Elmira College (Elmira)
511,"University of Texas, El Paso",University of Texas at El Paso (El Paso)
512,Emory and Henry College,Emory and Henry College
514,Montclair State University,Montclair State University (Montclair)
515,Bethel College,Bethel College (Mishawaka)
516,"University of Texas, Pan American",University of Texas–Pan American (Edinburg)
517,Hood College,Hood College (Frederick)
518,Alfred University,Alfred University (Alfred)
519,Guilford College,Guilford College (Greensboro)
520,"SUNY, College at Oneonta",State University of New York at Oneonta (Oneonta)
521,Saint John's University (NY),St. John's University (Queens)
523,Florida Atlantic University,Florida Atlantic University (Boca Raton)
524,"University of North Carolina, Charlotte",University of North Carolina at Charlotte (Charlotte)
525,Oklahoma City University,Oklahoma City University (Oklahoma City)
526,Abilene Christian University,Abilene Christian University (Abilene)
527,Rider University,Rider University
529,"Embry-Riddle Aeronautical University, Daytona Beach",Embry–Riddle Aeronautical University (Daytona Beach)
530,Maryville College,Maryville College (Maryville)
531,"University of Massachusetts, Boston",University of Massachusetts Boston (Boston)
532,Humboldt State University,Humboldt State University (Arcata)
533,Saint Catherine University,St. Catherine University (Saint Paul)
534,University of the Ozarks,University of the Ozarks (Clarksville)
535,Florida Southern College,Florida Southern College (Lakeland)
536,"University of Colorado, Colorado Springs",University of Colorado Colorado Springs (Colorado Springs)
537,"California State University, East Bay","California State University, East Bay (Hayward)"
538,Farmingdale State College,Farmingdale State College (Town of Oyster Bay)
539,Florida International University,Florida International University (Miami)
540,Carthage College,Carthage College (Kenosha)
541,Rhode Island College,Rhode Island College (Providence)
543,Queens University of Charlotte,Queens University of Charlotte (Charlotte)
544,"University of North Carolina, Greensboro",University of North Carolina at Greensboro (Greensboro)
546,Northern Arizona University,Northern Arizona University (Flagstaff)
547,Grand Valley State University,Grand Valley State University (Allendale Charter Township)
549,Alma College,Alma College (Alma)
550,Loyola University New Orleans,Loyola University New Orleans (New Orleans)
551,Montana Tech of the University of Montana,Montana Tech of the University of Montana (Butte)
552,University of Hartford,University of Hartford (West Hartford)
553,University of Southern Mississippi,University of Southern Mississippi (Hattiesburg)
554,Monmouth College,Monmouth College (Monmouth)
555,Millikin University,Millikin University (Decatur)
556,Utah Valley University,Utah Valley University (Orem)
557,Southern Illinois University Edwardsville,Southern Illinois University Edwardsville (Edwardsville)
558,High Point University,High Point University (High Point)
560,Rocky Mountain College,Rocky Mountain College (Billings)
561,Ball State University,Ball State University (Muncie)
562,Meredith College,Meredith College (Raleigh)
563,Oral Roberts University,Oral Roberts University (Tulsa)
564,Portland State University,Portland State University (Portland)
565,"University of Nebraska, Omaha",University of Nebraska Omaha
566,Saint Cloud State University,St. Cloud State University (St. Cloud)
567,Nova Southeastern University,Nova Southeastern University (Fort Lauderdale)
568,Webster University,Webster University (Webster Groves)
569,Millersville University,Millersville University of Pennsylvania
570,Wichita State University,Wichita State University (Wichita)
571,University of New Orleans,University of New Orleans (New Orleans)
572,"University of Louisiana, Lafayette",University of Louisiana at Lafayette (Lafayette)
573,Texas Woman's University,Texas Woman's University (Denton)
574,Wayne State University,Wayne State University (Detroit)
575,Missouri State University,Missouri State University (Springfield)
576,Western Kentucky University,Western Kentucky University (Bowling Green)
577,Carson-Newman University,Carson–Newman University (Jefferson City)
579,Albright College,Albright College (Reading)
580,Benedictine University,Benedictine University (Lisle)
581,University of North Texas,University of North Texas (Denton)
582,Ashland University,Ashland University (Ashland)
583,Barry University,Barry University (Miami Shores)
584,Claflin University,Claflin University (Orangeburg)
585,Western Michigan University,Western Michigan University (Kalamazoo)
586,"Southern Illinois University, Carbondale",Southern Illinois University Carbondale (Carbondale)
587,Sam Houston State University,Sam Houston State University (Huntsville)
588,Murray State University,Murray State University (Murray)
589,North Carolina A&T State University,North Carolina Agricultural and Technical State University (Greensboro)
590,Illinois College,Illinois College (Jacksonville)
591,"University of Arkansas, Little Rock",University of Arkansas at Little Rock (Little Rock)
592,University of Mount Union,University of Mount Union (Alliance)
593,University of South Alabama,University of South Alabama (Mobile)
594,Kent State University,Kent State University (Kent)
595,Georgia Southern University,Georgia Southern University (Statesboro)
596,Fort Lewis College,Fort Lewis College (Durango)
597,University of West Florida,University of West Florida (Pensacola)
598,"University of Wisconsin, Milwaukee",University of Wisconsin–Milwaukee
599,Catawba College,Catawba College (Salisbury)
600,"University of Nevada, Las Vegas","University of Nevada, Las Vegas (Las Vegas)"
601,"University of Texas, Arlington",University of Texas at Arlington (Arlington)
603,Northern Illinois University,Northern Illinois University (DeKalb)
604,"Texas A&M University, Corpus Christi",Texas A&M University–Corpus Christi (Corpus Christi)
606,Idaho State University,Idaho State University (Pocatello)
607,"Indiana University-Purdue University, Indianapolis",Indiana University – Purdue University Indianapolis (Indianapolis)
608,Southeastern Louisiana University,Southeastern Louisiana University (Hammond)
609,University of Memphis,University of Memphis (Memphis)
610,University of Northern Colorado,University of Northern Colorado (Greeley)
611,University of Tampa,University of Tampa (Tampa)
612,Middle Tennessee State University,Middle Tennessee State University (Murfreesboro)
613,Oakland University,Oakland University (Rochester)
614,Florida Agricultural and Mechanical University,Florida A&M University (Tallahassee)
616,"Minnesota State University, Mankato","Minnesota State University, Mankato (Mankato)"
617,Stephen F. Austin State University,Stephen F. Austin State University (Nacogdoches)
618,Christian Brothers University,Christian Brothers University (Memphis)
619,University of Akron,University of Akron (Akron)
620,Northern Kentucky University,Northern Kentucky University (Highland Heights)
621,Kennesaw State University,Kennesaw State University (Kennesaw)
622,East Tennessee State University,East Tennessee State University (Johnson City)
623,Liberty University,Liberty University (Lynchburg)
624,Bowling Green State University,Bowling Green State University (Bowling Green)
625,Boise State University,Boise State University (Boise)
626,Central Michigan University,Central Michigan University (Mount Pleasant)
627,Western Illinois University,Western Illinois University (Macomb)
628,University of Toledo,University of Toledo (Toledo)
629,Indiana University of Pennsylvania,Indiana University of Pennsylvania (Indiana)
630,Troy University,Troy University (Troy)
631,"Texas A&M University, Kingsville",Texas A&M University–Kingsville (Kingsville)
632,Tuskegee University,Tuskegee University (Tuskegee)
633,Wright State University,Wright State University (Dayton)
634,Coastal Carolina University,Coastal Carolina University (Conway)
635,"University of Missouri, Kansas City",University of Missouri–Kansas City (Kansas City)
636,Eastern Michigan University,Eastern Michigan University (Ypsilanti)
637,University of Central Oklahoma,University of Central Oklahoma (Edmond)
638,Metropolitan State University of Denver,Metropolitan State University of Denver (Denver)
639,Columbia College Chicago,Columbia College Chicago (Chicago)
640,Youngstown State University,Youngstown State University (Youngstown)
641,"University of Texas, San Antonio",University of Texas at San Antonio (San Antonio)
642,Colorado Mesa University,Colorado Mesa University (Grand Junction)
643,Tennessee State University,Tennessee State University (Nashville)
644,"Texas A&M University, Commerce",Texas A&M University–Commerce (Commerce)
645,Eastern Kentucky University,Eastern Kentucky University (Richmond)
646,Cleveland State University,Cleveland State University (Cleveland)
647,Indiana State University,Indiana State University (Terre Haute)
648,Morgan State University,Morgan State University (Baltimore)
649,Texas Southern University,Texas Southern University (Houston)
650,Johnson & Wales University,Johnson & Wales University (Providence)
